university_name,state,program_type
UNIVERSITY OF MAIDUGURI  eLEARNING MAIDUGURI BORNO STATE,BORNO,E LEARNING UNIVERSITIES OF NIGERIA
NATIONAL OPEN UNIVERSITY OF NIGERIAN Elearning LAGOS STATE,LAGOS,E LEARNING UNIVERSITIES OF NIGERIA
UNIVERSITY OF UYO E LEARNING UYO AKWA IBOM STATE,AKWA IBOM,E LEARNING UNIVERSITIES OF NIGERIA
USMANU DANFODIYO UNIVERSITY  eLEARNING SOKOTO SOKOTO STATE,SOKOTO,E LEARNING UNIVERSITIES OF NIGERIA
UNIVERSITY OF AGRICULTURE AND ENVIRONMENTAL SCIENCES UMUAGWO IMO STATE,IMO,STATE UNIVERSITIES OF AGRICULTURE
ONDO STATE UNIVERSITY OF MEDICAL SCIENCES LAJE ROAD ONDO ONDO STATE,ONDO,STATE UNIVERSITIES OF MEDICAL SCIENCES
STATE UNIVERSITY OF MEDICAL AND APPLIED SCIENCES IGBO ENO ENUGU STATE,ENUGU,STATE UNIVERSITIES OF MEDICAL SCIENCES
UNIVERSITY OF MAIDUGURI SANDWICH PROGRAMME BORNO STATE,BORNO,SANDWICH PROGRAMMES
NATIONAL OPEN UNIVERSITY OF NIGERIA JABI ABUJA FCT,"FCT, ABUJA",OPEN AND DISTANCE LEARNING PROGRAMMES
AL MUHIBBAH OPEN UNIVERSITY KUBWA ABUJA,"FCT, ABUJA",OPEN AND DISTANCE LEARNING PROGRAMMES
MIVA OPEN UNIVERSITY UTAKO ABUJA,"FCT, ABUJA",OPEN AND DISTANCE LEARNING PROGRAMMES
AHMADU BELLO UNIVERSITY OPEN & DISTANCE LEARNING PROGRAMME ZARIA KADUNA STATE,KADUNA,OPEN AND DISTANCE LEARNING PROGRAMMES
ICONIC OPEN UNIVERSITY SOKOTO SOKOTO STATE,SOKOTO,OPEN AND DISTANCE LEARNING PROGRAMMES
BAUCHI STATE UNIVERSITY GADAU BAUCHI STATE,BAUCHI,STATE UNIVERSITIES
BORNO STATE UNIVERSITY MAIDUGURI BORNO STATE,BORNO,STATE UNIVERSITIES
PLATEAU STATE UNIVERSITY BOKKOS PLATEAU STATE,PLATEAU,STATE UNIVERSITIES
SHEHU SHAGARI UNIVERSITY OF EDUCATION TAMBUWAL SOKOTO STATE,SOKOTO,STATE UNIVERSITIES
SOKOTO STATE UNIVERSITY SOKOTO SOKOTO STATE,SOKOTO,STATE UNIVERSITIES
SULTAN ABUBAKAR UNIVERSITY OF EDUCATION TAMBUWAL SOKOTO STATE,SOKOTO,STATE UNIVERSITIES
AKWA IBOM STATE UNIVERSITY IKOT AKPADEN AKWA IBOM STATE,AKWA IBOM,STATE UNIVERSITIES
ADAMAWA STATE UNIVERSITY MUBI ADAMAWA STATE,ADAMAWA,STATE UNIVERSITIES
ZAMFARA STATE UNIVERSITY TALATA MAFARA ZAMFARA STATE,ZAMFARA,STATE UNIVERSITIES
KWARA STATE UNIVERSITY MALETE ILORIN KWARA STATE,KWARA,STATE UNIVERSITIES
LAGOS STATE UNIVERSITY OF EDUCATION OTOIJANIKIN LAGOS STATE,LAGOS,STATE UNIVERSITIES
LAGOS STATE UNIVERSITY OJO LAGOS STATE,LAGOS,STATE UNIVERSITIES
ADEKUNLE AJASIN UNIVERSITY AKUNGBA AKOKO ONDO STATE,ONDO,STATE UNIVERSITIES
EDO UNIVERSITY IYAMHO EDO STATE,EDO,STATE UNIVERSITIES
AMBROSE ALLI UNIVERSITY EKPOMA EDO STATE,EDO,STATE UNIVERSITIES
YUSUF MAITAMA SULE UNIVERSITY KANO KANO STATE,KANO,STATE UNIVERSITIES
SA'ADATU RIMI UNIVERSITY OF EDUCATION KUMBOTSO KANO STATE,KANO,STATE UNIVERSITIES
EMMANUEL ALAYANDE UNIVERSITY OF EDUCATION OYO OYO STATE,OYO,STATE UNIVERSITIES
FIRST TECHNICAL UNIVERSITY IBADAN OYO STATE,OYO,STATE UNIVERSITIES
UNIVERSITY OF DELTA AGBOR DELTA STATE,DELTA,STATE UNIVERSITIES
DELTA STATE UNIVERSITY ABRAKA DELTA STATE,DELTA,STATE UNIVERSITIES
DENNIS OSADEBAY UNIVERSITY ASABA DELTA STATE,DELTA,STATE UNIVERSITIES
CHUKWUEMEKA ODUMEGWU OJUKWU UNIVERSITY ULI ANAMBRA STATE,ANAMBRA,STATE UNIVERSITIES
EBONYI STATE UNIVERSITY ABAKALIKI EBONYI STATE,EBONYI,STATE UNIVERSITIES
NIGER DELTA UNIVERSITY WILBERFORCE ISLAND BAYELSA STATE,BAYELSA,STATE UNIVERSITIES
UNIVERSITY OF AFRICA TORU ORUA BAYELSA STATE,BAYELSA,STATE UNIVERSITIES
BAYELSA MEDICAL UNIVERSITY YENAGOA BAYELSA STATE,BAYELSA,STATE UNIVERSITIES
KOGI STATE UNIVERSITY KABBA KOGI STATE,KOGI,STATE UNIVERSITIES
PRINCE ABUBAKAR AUDU UNIVERSITY ANYIGBA KOGI STATE,KOGI,STATE UNIVERSITIES
EKITI STATE UNIVERSITY ADO EKITI EKITI STATE,EKITI,STATE UNIVERSITIES
SULE LAMIDO UNIVERSITY KAFIN HAUSA JIGAWA STATE,JIGAWA,STATE UNIVERSITIES
OLABISI ONABANJO UNIVERSITY AGO IWOYE OGUN STATE,OGUN,STATE UNIVERSITIES
TAI SOLARIN UNIVERSITY OF EDUCATION IJAGUN OGUN STATE,OGUN,STATE UNIVERSITIES
OSUN STATE UNIVERSITY OSOGBO OSUN STATE,OSUN,STATE UNIVERSITIES
UNIVERSITY OF ILESA ILESA OSUN STATE,OSUN,STATE UNIVERSITIES
TARABA STATE UNIVERSITY JALINGO TARABA STATE,TARABA,STATE UNIVERSITIES
ABIA STATE UNIVERSITY UTURU ABIA STATE,ABIA,STATE UNIVERSITIES
UMARU MUSA YARADUA UNIVERSITY KATSINA KATSINA STATE,KATSINA,STATE UNIVERSITIES
IMO STATE UNIVERSITY OWERRI IMO STATE,IMO,STATE UNIVERSITIES
KADUNA STATE UNIVERSITY KADUNA KADUNA STATE,KADUNA,STATE UNIVERSITIES
GOMBE STATE UNIVERSITY TUDUN WADA GOMBE GOMBE STATE,GOMBE,STATE UNIVERSITIES
IBRAHIM BADAMASI BABANGIDA UNIVERSITY LAPAI NIGER STATE,NIGER,STATE UNIVERSITIES
NIGER STATE UNIVERSITY OF EDUCATION MINNA NIGER STATE,NIGER,STATE UNIVERSITIES
IGNATIUS AJURU UNIVERSITY OF EDUCATION PORT HARCOURT RIVERS STATE,RIVERS,STATE UNIVERSITIES
NASARAWA STATE UNIVERSITY KEFFI NASARAWA STATE,NASARAWA,STATE UNIVERSITIES
UNIVERSITY OF CROSS RIVER STATE CALABAR,CROSS RIVER,STATE UNIVERSITIES
YOBE STATE UNIVERSITY DAMATURU YOBE STATE,YOBE,STATE UNIVERSITIES
BENUE STATE UNIVERSITY MAKURDI BENUE STATE,BENUE,STATE UNIVERSITIES
FEDERAL UNIVERSITY OF HEALTH SCIENCES AZARE BAUCHI STATE,BAUCHI,FEDERAL UNIVERSITIES OF HEALTH SCIENCES
DAVID NWEZE UMAHI FEDERAL UNIVERSITY OF MEDICAL SCIENCES UBURU EBONYI STATE,EBONYI,FEDERAL UNIVERSITIES OF HEALTH SCIENCES
FEDERAL UNIVERSITY OF HEALTH SCIENCES ILA ORANGUN OSUN STATE,OSUN,FEDERAL UNIVERSITIES OF HEALTH SCIENCES
FEDERAL UNIVERSITY OF HEALTH SCIENCES OTUKPO BENUE STATE,BENUE,FEDERAL UNIVERSITIES OF HEALTH SCIENCES
ABUBAKAR TAFAWA BALEWA UNIVERSITY BAUCHI BAUCHI STATE,BAUCHI,FEDERAL UNIVERSITIES
FEDERAL UNIVERSITY BIRNIN KEBBI KEBBI STATE,KEBBI,FEDERAL UNIVERSITIES
BAYERO UNIVERSITY KANO KANO STATE,KANO,FEDERAL UNIVERSITIES
NIGERIAN POLICE ACADEMY WUDIL KANO STATE,KANO,FEDERAL UNIVERSITIES
NIGERIAN DEFENCE ACADEMY KADUNA KADUNA STATE,KADUNA,FEDERAL UNIVERSITIES
AHMADU BELLO UNIVERSITY ZARIA KADUNA STATE,KADUNA,FEDERAL UNIVERSITIES
FEDERAL UNIVERSITY DUTSIN MA KATSINA STATE,KATSINA,FEDERAL UNIVERSITIES
FEDERAL UNIVERSITY OF TRANSPORTATION DAURA KATSINA STATE,KATSINA,FEDERAL UNIVERSITIES
UNIVERSITY OF JOS JOS PLATEAU STATE,PLATEAU,FEDERAL UNIVERSITIES
UNIVERSITY OF PORT HARCOURT RIVERS STATE,RIVERS,FEDERAL UNIVERSITIES
UNIVERSITY OF LAGOS LAGOS STATE,LAGOS,FEDERAL UNIVERSITIES
FEDERAL UNIVERSITY GUSAU ZAMFARA STATE,ZAMFARA,FEDERAL UNIVERSITIES
FEDERAL UNIVERSITY LAFIA NASARAWA STATE,NASARAWA,FEDERAL UNIVERSITIES
AFRICAN AVIATION AND AEROSPACE UNIVERSITY FCT ABUJA,"FCT, ABUJA",FEDERAL UNIVERSITIES
UNIVERSITY OF ABUJA GWAGWALADA ABUJA FCT,"FCT, ABUJA",FEDERAL UNIVERSITIES
FEDERAL UNIVERSITY GASHUA YOBE STATE,YOBE,FEDERAL UNIVERSITIES
UNIVERSITY OF IBADAN IBADAN OYO STATE,OYO,FEDERAL UNIVERSITIES
NIGERIAN ARMY UNIVERSITY BIU BORNO STATE,BORNO,FEDERAL UNIVERSITIES
UNIVERSITY OF MAIDUGURI BORNO STATE,BORNO,FEDERAL UNIVERSITIES
FEDERAL UNIVERSITY LOKOJA KOGI STATE,KOGI,FEDERAL UNIVERSITIES
OBAFEMI AWOLOWO UNIVERSITY ILE IFE OSUN STATE,OSUN,FEDERAL UNIVERSITIES
ALEX EKWUEME FEDERAL UNIVERSITY NDUFU ALIKE EBONYI STATE,EBONYI,FEDERAL UNIVERSITIES
JOSEPH SARWUAN TARKA UNIVERSITY MAKURDI BENUE STATE,BENUE,FEDERAL UNIVERSITIES
UNIVERSITY OF CALABAR CALABAR CROSS RIVER STATE,CROSS RIVER,FEDERAL UNIVERSITIES
UNIVERSITY OF NIGERIA NSUKKA ENUGU STATE,ENUGU,FEDERAL UNIVERSITIES
UNIVERSITY OF BENIN BENIN CITY EDO STATE,EDO,FEDERAL UNIVERSITIES
FEDERAL UNIVERSITY OYE EKITI EKITI STATE,EKITI,FEDERAL UNIVERSITIES
FEDERAL UNIVERSITY DUTSE JIGAWA STATE,JIGAWA,FEDERAL UNIVERSITIES
USMANU DANFODIYO UNIVERSITY SOKOTO SOKOTO STATE,SOKOTO,FEDERAL UNIVERSITIES
UNIVERSITY OF UYO AKWA IBOM STATE,AKWA IBOM,FEDERAL UNIVERSITIES
FEDERAL UNIVERSITY KASHERE GOMBE STATE,GOMBE,FEDERAL UNIVERSITIES
NNAMDI AZIKIWE UNIVERSITY AWKA ANAMBRA STATE,ANAMBRA,FEDERAL UNIVERSITIES
MODIBBO ADAMA UNIVERSITY YOLA ADAMAWA STATE,ADAMAWA,FEDERAL UNIVERSITIES
FEDERAL UNIVERSITY OTUOKE BAYELSA STATE,BAYELSA,FEDERAL UNIVERSITIES
UNIVERSITY OF ILORIN ILORIN KWARA STATE,KWARA,FEDERAL UNIVERSITIES
FEDERAL UNIVERSITY WUKARI TARABA STATE,TARABA,FEDERAL UNIVERSITIES
FEDERAL UNIVERSITY OF AGRICULTURE ABEOKUTA OGUN STATE,OGUN,FEDERAL UNIVERSITIES OF AGRICULTURE
MICHAEL OKPARA UNIVERSITY OF AGRICULTURE UMUDIKE ABIA STATE,ABIA,FEDERAL UNIVERSITIES OF AGRICULTURE
FEDERAL UNIVERSITY OF AGRICULTURE ZURU KEBBI STATE,KEBBI,FEDERAL UNIVERSITIES OF AGRICULTURE
FEDERAL COLLEGE OF EDUCATION TECHNICAL GOMBE AFFILIATED TO USMANU DANFODIYO UNIVERSITY,GOMBE,OTHER DEGREE AWARDING INSTITUTIONS
UMAR IBN IBRAHIM EL KANEMI COL OF EDU SCIENCE AND TECH BAMA AFFL TO UNIMAID,BORNO,OTHER DEGREE AWARDING INSTITUTIONS
YABA COLLEGE OF TECHNOLOGY YABA LAGOS STATE AFFL TO UNIV OF NIG NSUKKA,LAGOS,OTHER DEGREE AWARDING INSTITUTIONS
SEMINARY OF ALL SAINTS EKPOMA EDO STATE AFFL TO UNIBEN BENIN,EDO,OTHER DEGREE AWARDING INSTITUTIONS
ST. AUGUSTINE’S COLLEGE OF EDUCATION AKOKA LAGOS AFFL TO UNIV OF IBADAN,LAGOS,OTHER DEGREE AWARDING INSTITUTIONS
SHEHU SHAGARI COLLEGE OF EDUCATION SOKOTO AFFL TO AHMADU BELLO UNIV ZARIA,SOKOTO,OTHER DEGREE AWARDING INSTITUTIONS
FEDERAL COLLEGE OF EDUCATION ZARIA KADUNA STATE AFFL TO ABU ZARIA,KADUNA,OTHER DEGREE AWARDING INSTITUTIONS
KWARA STATE COLLEGE OF EDUCATION ILORIN AFFILIATED TO UNIVERSITY OF ILORIN,KWARA,OTHER DEGREE AWARDING INSTITUTIONS
GARU COLLEGE OF HEALTH TECHNOLOGY BAUCHI AFF KWARA STATE UNIVERSITY MALETE,BAUCHI,OTHER DEGREE AWARDING INSTITUTIONS
NIGERIAN ARMY SCHOOL OF EDUCATION ILORIN AFFL TO TAI SOLARIN UNI OF EDU IJA,KWARA,OTHER DEGREE AWARDING INSTITUTIONS
ADAMAWA STATE POLYTECHNIC YOLA AFFILIATED TO UNIVERSITY OF MAIDUGURI,ADAMAWA,OTHER DEGREE AWARDING INSTITUTIONS
DELTA STATE COLLEGE OF PHYSICAL EDUCATION MOSOGAR AFFILIATED TO UNI. OF BENIN,DELTA,OTHER DEGREE AWARDING INSTITUTIONS
COLLEGE OF EDUCATION ANKPA KOGI STATE AFFL TO ATBU BAUCHI,KOGI,OTHER DEGREE AWARDING INSTITUTIONS
FEDERAL COLLEGE OF EDUCATION KANO AFFL TO AHMADU BELLO UNIVERSITY ZARIA,KOGI,OTHER DEGREE AWARDING INSTITUTIONS
WEST AFRICA THEOLOGICAL SEMINARY IPAJA LAGOS AFFL TO UNIV OF NIGERIA NSUKKA,LAGOS,OTHER DEGREE AWARDING INSTITUTIONS
SHEHU SHAGARI COLLEGE OF EDUCATION SOKOTO STATE AFFL TO UDU SOKOTO,SOKOTO,OTHER DEGREE AWARDING INSTITUTIONS
ISAAC JASPER BORO COLLEGE OF EDUCTION SAGBAMA AFFILIATED TO NIGER DELTA UNIV,BAYELSA,OTHER DEGREE AWARDING INSTITUTIONS
ZAMFARA STATE COLLEGE OF EDUCATION MARU AFFILIATED TO USMANU DANFODIYO UNIVERSITY,ZAMFARA,OTHER DEGREE AWARDING INSTITUTIONS
IMMANUEL COLLEGE OF TECH AND CHRISTIAN EDUC. IBADAN AFFL TO UNIV OF IBADAN,OYO,OTHER DEGREE AWARDING INSTITUTIONS
JIGAWA STATE COLLEGE OF EDUCATION AND LEGAL STUDIES RINGIM AFFILIATED TO USMANU DANFODIYO UNIVERSITY,JIGAWA,OTHER DEGREE AWARDING INSTITUTIONS
WORLD HARVEST BIBLE COLLEGE AND SEMINARY CALABAR AFFILIATED TO UNICAL,CROSS RIVER,OTHER DEGREE AWARDING INSTITUTIONS
ESSIEN UKPABIO PRESBYTERIAN THEOLOGICAL COLLEGE ITU AFFL TO UNICAL,AKWA IBOM,OTHER DEGREE AWARDING INSTITUTIONS
PEACELAND COLLEGE OF EDUCATION ENUGU AFFL TO ABIA STATE UNIVERSITY UTURU,ENUGU,OTHER DEGREE AWARDING INSTITUTIONS
COLLEGE OF EDUCATION WARRI DELTA STATE AFFLIATED TO UNIBEN,DELTA,OTHER DEGREE AWARDING INSTITUTIONS
ADEYEMI COLLEGE OF EDUCATION ONDO STATE. AFFL TO OAU ILE IFE,ONDO,OTHER DEGREE AWARDING INSTITUTIONS
THE APOSTOLIC CHURCH THEOLOGICAL SEMINARY AMUMARA AFFL TO UNIV OF UYO,IMO,OTHER DEGREE AWARDING INSTITUTIONS
ASHI POLYTECHNIC ANYIIN AFFILIATED TO BENUE STATE UNIVERSITY MAKURDI,BENUE,OTHER DEGREE AWARDING INSTITUTIONS
FEDERAL COLLEGE OF EDUCATION KANO AFFILIATED TO USMANU DANFODIYO UNIVERSITY,KANO,OTHER DEGREE AWARDING INSTITUTIONS
ALVAN IKOKU FEDERAL COLLEGE OF EDUCATION IMO STATE AFFL TO UNIV OF NIGERA NSUKKA,IMO,OTHER DEGREE AWARDING INSTITUTIONS
FEDERAL COLLEGE OF EDUCATION ZARIA AFFILIATED TO USMANU DANFODIYO UNIVERSITY,KADUNA,OTHER DEGREE AWARDING INSTITUTIONS
SAADATU RIMI COLLEGE OF EDU KUMBOTSO KANO STATE AFFILIATED TO ABU ZARIA,KANO,OTHER DEGREE AWARDING INSTITUTIONS
FEDERAL POLYTECHNIC ADO EKITI EKITI STATE AFFILIATED TO FUT MINNA,EKITI,OTHER DEGREE AWARDING INSTITUTIONS
NATIONAL MISSIONARY SEMINARY OF ST PAUL GWAGWALADA. AFFL TO UNIPORT FCT,"FCT, ABUJA",OTHER DEGREE AWARDING INSTITUTIONS
SAADATU RIMI COLLEGE OF EDU KUMBOTSO KANO STATE AFFL TO BAYERO UNIV KANO,KANO,OTHER DEGREE AWARDING INSTITUTIONS
NIGER STATE COLLEGE OF EDUCATION MINNA AFFL TO AHMADU BELLO UNIVERSITY ZARIA,NIGER,OTHER DEGREE AWARDING INSTITUTIONS
COLLEGE OF EDUCATION KATSINA ALA BENUE STATE AFFL TO UNIV OF CALABAR,BENUE,OTHER DEGREE AWARDING INSTITUTIONS
KADUNA POLYTECHNIC KADUNA KADUNA STATE AFFL TO FED UNIV OF TECH MINNA,KADUNA,OTHER DEGREE AWARDING INSTITUTIONS
SAVANNAH INSTITUTE OF TECH ABAKALIKI AFFILIATED TO FEDERAL UNIVERSITY WUKARI,EBONYI,OTHER DEGREE AWARDING INSTITUTIONS
ADAMU AUGIE COLLEGE OF EDUCATION ARGUNGU AFFILIATED TO USMANU DANFODIYO UNIVERSITY SOKOTO,KEBBI,OTHER DEGREE AWARDING INSTITUTIONS
TRINITY THEOLOGICAL COLLEGE UMUAHIA ABIA STATE AFFL TO UNIV OF NIG NSUKKA,ABIA,OTHER DEGREE AWARDING INSTITUTIONS
NIGER STATE COLLEGE OF EDUCATION MINNA AFFL TO USMANU DANFODIYO UNI SOKOTO,NIGER,OTHER DEGREE AWARDING INSTITUTIONS
FEDERAL POLYTECHNIC BIDA NIGER STATE AFFILIATED TO IBRAHIM BADAMASI BABANGIDA UNIVERSITY LAPAI,NIGER,OTHER DEGREE AWARDING INSTITUTIONS
SPIRITAN INT’L SCHOOL OF THEOLOGY ATTAKWU ENUGU AFFL TO UNIV OF NIG NSUKKA,ENUGU,OTHER DEGREE AWARDING INSTITUTIONS
AUCHI POLYTECHNIC AUCHI EDO STATE. AFFL TO NNAMDI AZIKIWE UNIVERSITY AWKA,EDO,OTHER DEGREE AWARDING INSTITUTIONS
COLLEGE OF EDUCATION MOSOGAR DELTA STATE. AFFL TO DELTA STATE UNIV ABRAKA,DELTA,OTHER DEGREE AWARDING INSTITUTIONS
MICHAEL AND CECILIA FOUNDATION COLLEGE OF EDU UGHELLI AFFL TO DELSU ABRAKA,DELTA,OTHER DEGREE AWARDING INSTITUTIONS
COLLEGE OF EDUCATION AGBOR DELTA STATE. AFFL TO DELTA STATE UNIV ABRAKA,DELTA,OTHER DEGREE AWARDING INSTITUTIONS
POPE JOHN MAJOR SEMINARY OKPUNO AWKA AFFL TO NNAMDI AZIKIWE UNIV AWKA,ANAMBRA,OTHER DEGREE AWARDING INSTITUTIONS
COLLEGE OF SEMINARY AND THEOLOGY IRRI AFFILIATED TO NDU DELTA STATE,DELTA,OTHER DEGREE AWARDING INSTITUTIONS
FEDERAL COLLEGE OF EDUCATION TECHNICAL ASABA AFFL TO UNIBEN DELTA STATE,DELTA,OTHER DEGREE AWARDING INSTITUTIONS
COLLEGE OF EDUCATION WARRI AFFLIATED TO DELTA STATE UNI. ABRAKA DELTA STATE,DELTA,OTHER DEGREE AWARDING INSTITUTIONS
NIGERIAN ARMY COLLEGE OF NURSING & MIDWIFERY YABA LAGOS STATE AFF TO UNIVERSITY OF LAGOS,LAGOS,OTHER DEGREE AWARDING INSTITUTIONS
FEDERAL COLLEGE OF EDUCATION TECHNICAL AFFL TO ATBU BAUCHI GOMBE STATE,GOMBE,OTHER DEGREE AWARDING INSTITUTIONS
NWAFOR ORIZU COLLEGE OF EDUCATION NSUGBE. AFFL TO UNN ANAMBRA STATE,ANAMBRA,OTHER DEGREE AWARDING INSTITUTIONS
FEDERAL COLLEGE OF EDU. TECH.UMUNZE AFF TO NNAMDI AZIKIWE UNI ANAMBRA STATE,ANAMBRA,OTHER DEGREE AWARDING INSTITUTIONS
SEAT OF WISDOM SEMINARY OWERRI IMO STATE AFFL TO IMO STATE UNIVERSITY,IMO,OTHER DEGREE AWARDING INSTITUTIONS
CLARETIAN INSTITUTE OF PHILOSOPHY NEKEDE IMO STATE AFFL TO IMO STATE UNIVERSITY,IMO,OTHER DEGREE AWARDING INSTITUTIONS
FEDERAL POLYTECHNIC OFFA AFFILIATED TO FUT MINNA KWARA STATE,KWARA,OTHER DEGREE AWARDING INSTITUTIONS
KWARA STATE COLLEGE OF EDUCATION ILORIN AFFL TO EKITI STATE UNI KWARA STATE,KWARA,OTHER DEGREE AWARDING INSTITUTIONS
ECWA THEOLOGICAL SEMINARY IGBAJA AFF TO UNIVERSITY OF IBADAN KWARA STATE,KWARA,OTHER DEGREE AWARDING INSTITUTIONS
KWARA STATE COLLEGE OF EDU. TECH LAFIAGI AFFL TO ABU ZARIA KWARA STATE,KWARA,OTHER DEGREE AWARDING INSTITUTIONS
COLLEGE OF ARABIC AND ISLAMIC LEGAL STUDIES ILORIN AFF TO BAYERO KWARA STATE,KWARA,OTHER DEGREE AWARDING INSTITUTIONS
KWARA STATE COLLEGE OF EDUCATION ORO AFFL TO EKITI STATE UNI KWARA STATE,KWARA,OTHER DEGREE AWARDING INSTITUTIONS
MICHAEL IMODU NAT. INST. FOR LABOUR STD. ILORINAFFL TO UNIILORIN KWARA STATE,KWARA,OTHER DEGREE AWARDING INSTITUTIONS
UMCA ILORIN AFFLIATED TO UNIVERSITY OF IBADAN KWARA STATE,KWARA,OTHER DEGREE AWARDING INSTITUTIONS
FEDERAL COLLEGE OF EDUCATION OBUDU AFFL TO UNICAL CROSS RIVER STATE,CROSS RIVER,OTHER DEGREE AWARDING INSTITUTIONS
COVENANT POLYTECHNIC ABA ABIA STATE AFF UNIVERSITY OF CALABAR CALABAR CROSS RIVER STATE,CROSS RIVER,OTHER DEGREE AWARDING INSTITUTIONS
CROSS RIVER STATE COL. OF EDU AKAMKPA AFFL TO UNI CALABAR CROSS RIVER STATE,CROSS RIVER,OTHER DEGREE AWARDING INSTITUTIONS
FEDERAL COLLEGE OF EDUC. SPECIAL OYO OYO STATE AFF TO UNI. IBADAN,OYO,OTHER DEGREE AWARDING INSTITUTIONS
BAPTIST COLLEGE OF THEOLOGY BENIN CITY EDO STATE AFFL TO AMBROSE ALLI UNIV,EDO,OTHER DEGREE AWARDING INSTITUTIONS
ST JOSEPH MAJOR SEMINARY IKOT EKPENE AKWA IBOM STATE AFFL TO UNIV OF CALABAR,AKWA IBOM,OTHER DEGREE AWARDING INSTITUTIONS
FEDERAL COLLEGE OF EDUCATION KATSINA AFFL TO BAYERO UNI KANO KATSINA STATE,KATSINA,OTHER DEGREE AWARDING INSTITUTIONS
HASSAN USMAN KATSINA POLYTECHNIC KATSINA AFFL TO FUT MINNA KATSINA STATE,KATSINA,OTHER DEGREE AWARDING INSTITUTIONS
ISA KAITA COLLEGE OF EDUCATION DUTSINMA AFFL ABU ZARIA KATSINA STATE,KATSINA,OTHER DEGREE AWARDING INSTITUTIONS
A.D. RUFAI COL. FOR LEGAL AND ISLAMIC STUDIES AFF TO BAYERO UNI BAUCHI STATE,BAUCHI,OTHER DEGREE AWARDING INSTITUTIONS
COLLEGE OF EDUCATION AZARE AFFLIATED TO UNIMAID BAUCHI STATE,BAUCHI,OTHER DEGREE AWARDING INSTITUTIONS
FEDERAL POLYTECHNIC BAUCHI AFFL TO ATBU BAUCHI BAUCHI STATE,BAUCHI,OTHER DEGREE AWARDING INSTITUTIONS
FEDERAL POLYTECHNIC BIDA AFFILIATED TO FUT MINNA NIGER STATE,NIGER,OTHER DEGREE AWARDING INSTITUTIONS
FEDERAL COLLEGE OF EDUCATION KONTAGORA AFFL TO ABU ZARIA NIGER STATE,NIGER,OTHER DEGREE AWARDING INSTITUTIONS
NIGERIA BAPTIST THEOLOGICAL SEMINARY OGBOMOSHO AFFL TO UI OYO STATE,OYO,OTHER DEGREE AWARDING INSTITUTIONS
EMMANUEL ALAYANDE COLLEGE OF EDUCATION OYO. AFF TO EKITI STATE UNIVERSITY OYO STATE,OYO,OTHER DEGREE AWARDING INSTITUTIONS
NIGERIAN TELEVISION AUTHORITY TELEVISION COL AFF TO ABU ZARIA KADUNA STATE,KADUNA,OTHER DEGREE AWARDING INSTITUTIONS
KADUNA STATE COLLEGE OF EDUCATION GIDAN WAYA AFFLIATTED TO ABU KADUNA STATE,KADUNA,OTHER DEGREE AWARDING INSTITUTIONS
KADUNA POLYTECHNIC AFFILIATED TO AHMADU BELLO UNIVERSITY ZARIA KADUNA STATE,KADUNA,OTHER DEGREE AWARDING INSTITUTIONS
NATIONAL TEACHERS INSTITUTE KADUNA AFFL TO UNIMAID KADUNA STATE,KADUNA,OTHER DEGREE AWARDING INSTITUTIONS
ADENIRAN OGUNSANYA COL OF EDU OTTO IJANIKIN LAGOS AFFL TO EKITI STATE UNIV,LAGOS,OTHER DEGREE AWARDING INSTITUTIONS
JIGAWA STATE COLLEGE OF EDUCATION GUMEL AFFL TO BAYERO UNI JIGAWA STATE,JIGAWA,OTHER DEGREE AWARDING INSTITUTIONS
COLLEGE OF ANIMAL HEALTH & PRO. TECH. VOM AFFL TO ATBU BAUCHI PLATEAU STATE,PLATEAU,OTHER DEGREE AWARDING INSTITUTIONS
FEDERAL COLLEGE OF EDUCATION PANKSHIN AFFL TO UNI OF JOS PLATEAU STATE,PLATEAU,OTHER DEGREE AWARDING INSTITUTIONS
NATIONAL FILM INSTITUTE JOS AFFILIATED TO UNIVERSITY OF JOS PLATEAU STATE,PLATEAU,OTHER DEGREE AWARDING INSTITUTIONS
COLLEGE OF EDUCATION WARRI DELTA STATE AFF TO IGNATIUS AJURU UNIVERSITY OF EDUCATION PORT HARCOURT RIVERS STATE,RIVERS,OTHER DEGREE AWARDING INSTITUTIONS
CATHOLIC INSTITUTION OF WEST AFRICA PORT HARCOURT AFF TO UNICAL RIVERS STATE,RIVERS,OTHER DEGREE AWARDING INSTITUTIONS
CALVARY COL. OF THEOLOGY RUKPOKWU PORT HARCOURT AFFL TO UNICAL RIVERS STATE,RIVERS,OTHER DEGREE AWARDING INSTITUTIONS
FEDERAL COLLEGE OF EDUCATION TECH. OMOKU AFFL TO UNI. OF UYO RIVERS STATE,RIVERS,OTHER DEGREE AWARDING INSTITUTIONS
FEDERAL COLLEGE OF EDUCATION TECH. OMOKU AFFL TO UNN RIVERS STATE,RIVERS,OTHER DEGREE AWARDING INSTITUTIONS
COLLEGE OF EDUCATION ZING AFFILATED TO ABU ZARIA TARABA STATE,TARABA,OTHER DEGREE AWARDING INSTITUTIONS
FEDERAL COLLEGE OF DENTAL TECH. AND THERAPY ENUGU AFFL TO FUTO ENUGU STATE,ENUGU,OTHER DEGREE AWARDING INSTITUTIONS
SPIRITAN SCHOOL OF PHILOSOPHY ISSIENU NSUKKA AFFL TO UNN ENUGU STATE,ENUGU,OTHER DEGREE AWARDING INSTITUTIONS
BIGARD MEMORIAL SEMINARY ENUGU AFFLIATED TO UNIVERSITY OF IBADAN ENUGU STATE,ENUGU,OTHER DEGREE AWARDING INSTITUTIONS
COLLEGE OF EDUCATION EHA AMUFU AFFLILIATED TO UNN ENUGU STATE,ENUGU,OTHER DEGREE AWARDING INSTITUTIONS
ENUGU STATE COL OF EDUC.TECH. AFF TO NNAMDI AZIKIWE UNIV ENUGU STATE,ENUGU,OTHER DEGREE AWARDING INSTITUTIONS
INSTITUTE OF MANAGEMENT AND TECHNOLOGY AFFILIATED TO UNN ENUGU STATE,ENUGU,OTHER DEGREE AWARDING INSTITUTIONS
FCT COLLEGE OF EDUCATION ZUBA AFFILIATED TO ABU ZARIA FCT ABUJA,"FCT, ABUJA",OTHER DEGREE AWARDING INSTITUTIONS
FEDERAL COLLEGE OF EDUCATION ABEOKUTA AFF TO UNIVERSITY OF IBADAN OGUN STATE,OGUN,OTHER DEGREE AWARDING INSTITUTIONS
TAI SOLARIN COLLEGE OF EDUCATION IJEBU ODE AFFILITED TO OOU OGUN STATE,OGUN,OTHER DEGREE AWARDING INSTITUTIONS
ST. ALBERT THE GREAT MAJOR SEMINARY ABEOKUTA AFFL TO UNIBEN OGUN STATE,OGUN,OTHER DEGREE AWARDING INSTITUTIONS
DIAMOND COLLEGE OF EDUCATION ABA AFFILIATED TO ENUGU STATE UNIVERSITY OF SCIENCE AND TECHNOLOGY,ENUGU,OTHER DEGREE AWARDING INSTITUTIONS
ARCHBISHOP VINING COLLEGE OF THEOLOGY AKURE AFFL TO UNIV OF IBADAN ONDO STATE,ONDO,OTHER DEGREE AWARDING INSTITUTIONS
AKWA IBOM STATE COLLEGE OF EDU AFAHA NSIT AFFL TO UNI UYO AKWA IBOM STATE,AKWA IBOM,OTHER DEGREE AWARDING INSTITUTIONS
NIGERIAN CHRISTIAN BIBLE COLLEGE ABAK AKWA IBOM STATE,AKWA IBOM,OTHER DEGREE AWARDING INSTITUTIONS
FEDERAL COLLEGE OF EDUCATION GUSAU AFFL TO FUT MINNA ZAMFARA STATE,ZAMFARA,OTHER DEGREE AWARDING INSTITUTIONS
FEDERAL COLLEGE OF EDUCATION TECH GUSAU AFFL TO ABU ZARIA ZAMFARA STATE,ZAMFARA,OTHER DEGREE AWARDING INSTITUTIONS
ABUBAKAR TATARI ALI POLYTECHNIC BAUCHI STATE. AFFILIATED TO ATBU BAUCHI,BAUCHI,OTHER DEGREE AWARDING INSTITUTIONS
FEDERAL COLLEGE OF EDUCATION YOLA ADAMAWA STATE AFFL TO UNIV OF UNIMAID,ADAMAWA,OTHER DEGREE AWARDING INSTITUTIONS
COLLEGE OF EDUCATION HONG AFFILIATED TO ABU ZARIA ADAMAWA STATE,ADAMAWA,OTHER DEGREE AWARDING INSTITUTIONS
BAPTIST COLLEGE OF THEOLOGY OBINZE OWERRI AFFL TO UNIPORT IMO STATE,IMO,OTHER DEGREE AWARDING INSTITUTIONS
METHODIST THEOLOGICAL INSTITUTE UMUAHIA AFFL TO UNIPORT ABIA STATE,ABIA,OTHER DEGREE AWARDING INSTITUTIONS
REDEEMED CHRISTIAN BIBLE COLLEGE REDEMPTION CAMP OGUN STATE AFFL TO UI,OGUN,OTHER DEGREE AWARDING INSTITUTIONS
COLLEGE OF EDUCATION IKERE EKITI. AFFL TO UNIV OF NIGERIA EKITI STATE,EKITI,OTHER DEGREE AWARDING INSTITUTIONS
SHEIK IBRAHIM EL TAYEB INSTITUTE KANO AFFL TO BAYERO UNIV KANO KANO STATE,KANO,OTHER DEGREE AWARDING INSTITUTIONS
FEDERAL COLLEGE OF EDUCATION TECH. BICHI AFFILIATED TO ATBU KANO STATE,KANO,OTHER DEGREE AWARDING INSTITUTIONS
EBONYI STATE COLLEGE OF EDUCATION IKWO AFFILIATED TO EBSU EBONYI STATE,EBONYI,OTHER DEGREE AWARDING INSTITUTIONS
FEDERAL COLLEGE OF EDUCATION TECH AKOKA AFFL TO UNIBEN LAGOS STATE,LAGOS,OTHER DEGREE AWARDING INSTITUTIONS
MICHAEL OTEDOLA COL OF PRIMARY EDUC. EPE AFF TO UI LAGOS STATE,LAGOS,OTHER DEGREE AWARDING INSTITUTIONS
COLLEGE OF EDUCATION AKWANGA AFFL TO ABU ZARIA NASARAWA STATE,NASARAWA,OTHER DEGREE AWARDING INSTITUTIONS
ASSEMBLIES OF GOD DIVINITY SCHOOL OLD UMUAHIA AFFL TO UNIV OF UYO ABIA STATE,ABIA,OTHER DEGREE AWARDING INSTITUTIONS
ST. ALBERT INSTITUTE KAFANCHAN KADUNA STATE AFFL TO UNIVERSITY JOS,KADUNA,OTHER DEGREE AWARDING INSTITUTIONS
PETER ACHIMUGU COLLEGE OF THEOLOGY ANKPA AFF TO KOGI STATE UNI KOGI STATE,KOGI,OTHER DEGREE AWARDING INSTITUTIONS
FEDERAL COLLEGE OF EDUCATION OKENE AFFL. TO UNIVERSITY OF IBADAN KOGI STATE,KOGI,OTHER DEGREE AWARDING INSTITUTIONS
LIFE THEOLOGICAL SEMINARY LAGOS LAGOS STATE. AFFL TO UNIVERSITY OF IBADAN,LAGOS,OTHER DEGREE AWARDING INSTITUTIONS
THE SAMUEL BILL THEOLOGICAL COLLEGE ABAK AKWA IBOM STATE AFFL TO UNIV OF UYO,AKWA IBOM,OTHER DEGREE AWARDING INSTITUTIONS
UMA UKPAI SCHOOL OF THEOLOGY UYO AKWA IBOM STATE AFFL TO UNIVERSITY OF UYO,AKWA IBOM,OTHER DEGREE AWARDING INSTITUTIONS
FEDERAL COLLEGE OF EDUCATION TECH POTISKUM AFF TO ATBU BAUCHI YOBE STATE,YOBE,OTHER DEGREE AWARDING INSTITUTIONS
UMAR SULEIMAN COLLEGE OF EDUCATION GASHUA AFFL TO UNIMAID YOBE STATE,YOBE,OTHER DEGREE AWARDING INSTITUTIONS
OSUN STATE COLLEGE OF EDUCATION ILESA AFFL TO UNIV OF IBADAN OSUN STATE,OSUN,OTHER DEGREE AWARDING INSTITUTIONS
OSUN STATE COLLEGE OF EDUCATION ILA ORANGUNAFF TO EKITI STATE UNI OSUN STATE,OSUN,OTHER DEGREE AWARDING INSTITUTIONS
EMIRATES COLLEGE OF HEALTH SCIENCES AND TECH KANO AFFL TO KWARA STATE UNIV,KANO,OTHER DEGREE AWARDING INSTITUTIONS
KASHIM IBRAHIM COLLEGE OF EDUCATION MAIDUGURI BORNO STATE AFFL TO UNIMAID,BORNO,OTHER DEGREE AWARDING INSTITUTIONS
COLLEGE OF EDUCATION OJU BENUE STATE AFFILIATED TO BENUE STATE UNIVERSITY,BENUE,OTHER DEGREE AWARDING INSTITUTIONS
ST. PETER AND PAUL SEMINARY BODIJA IBADAN AFFL TO UNIV OF IBADAN OYO STATE,OYO,OTHER DEGREE AWARDING INSTITUTIONS
COLLEGE OF EDUCATION WAKA BIU AFFILIATED TO UNI MAID BORNO STATE,BORNO,OTHER DEGREE AWARDING INSTITUTIONS
FEDERAL UNIVERSITY OF TECHNOLOGY AKURE ONDO STATE,ONDO,FEDERAL UNIVERSITIES OF TECHNOLOGY
NIGERIAN MARITIME UNIVERSITY OKERENKOKO DELTA STATE,DELTA,FEDERAL UNIVERSITIES OF TECHNOLOGY
FEDERAL UNIVERSITY OF PETROLEUM RESOURCES EFFURUN DELTA STATE,DELTA,FEDERAL UNIVERSITIES OF TECHNOLOGY
FEDERAL UNIVERSITY OF TECHNOLOGY BABURA JIGAWA STATE,JIGAWA,FEDERAL UNIVERSITIES OF TECHNOLOGY
FEDERAL UNIVERSITY OF TECHNOLOGY OWERRI IMO STATE,IMO,FEDERAL UNIVERSITIES OF TECHNOLOGY
FEDERAL UNIVERSITY OF TECHNOLOGY MINNA NIGER STATE,NIGER,FEDERAL UNIVERSITIES OF TECHNOLOGY
FEDERAL UNIVERSITY OF TECHNOLOGY IKOT ABASI AKWA IBOM STATE,AKWA IBOM,FEDERAL UNIVERSITIES OF TECHNOLOGY
AIR FORCE INSTITUTE OF TECHNOLOGY KADUNA KADUNA STATE DEGREE,KADUNA,FEDERAL UNIVERSITIES OF TECHNOLOGY
KANO UNIVERSITY OF SCIENCE AND TECHNOLOGY WUDIL KANO STATE,KANO,STATE UNIVERSITIES OF TECHNOLOGY
BAMIDELE OLUMILUA UNIVERSITY OF EDU. SCIENCE AND TECH. IKERE EKITI EKITI STATE,EKITI,STATE UNIVERSITIES OF TECHNOLOGY
ONDO STATE UNIVERSITY OF SCIENCE AND TECHNOLOGY OKITIPUPA ONDO STATE,ONDO,STATE UNIVERSITIES OF TECHNOLOGY
OLUSEGUN AGAGU UNIVERSITY OF SCIENCE AND TECHNOLOGY OKITIPUPA ONDO STATE,ONDO,STATE UNIVERSITIES OF TECHNOLOGY
GOMBE STATE UNIVERSITY OF SCIENCE AND TECHNOLOGY KUMO GOMBE STATE,GOMBE,STATE UNIVERSITIES OF TECHNOLOGY
LADOKE AKINTOLA UNIVERSITY OF TECHNOLOGY OGBOMOSO OYO STATE,OYO,STATE UNIVERSITIES OF TECHNOLOGY
DELTA STATE UNIVERSITY OF SCIENCE AND TECHNOLOGY OZORO DELTA STATE,DELTA,STATE UNIVERSITIES OF TECHNOLOGY
KEBBI STATE UNIVERSITY OF SCIENCE AND TECHNOLOGY ALIERO KEBBI STATE,KEBBI,STATE UNIVERSITIES OF TECHNOLOGY
RIVERS STATE UNIVERSITY PORT HARCOURT RIVERS STATE,RIVERS,STATE UNIVERSITIES OF TECHNOLOGY
ENUGU STATE UNIVERSITY OF SCIENCE AND TECHNOLOGY ENUGU ENUGU STATE,ENUGU,STATE UNIVERSITIES OF TECHNOLOGY
CONFLUENCE UNIVERSITY OF SCIENCE AND TECHNOLOGY OSARA KOGI STATE,KOGI,STATE UNIVERSITIES OF TECHNOLOGY
LAGOS STATE UNIVERSITY OF SCIENCE AND TECHNOLOGY IKORODU LAGOS STATE,LAGOS,STATE UNIVERSITIES OF TECHNOLOGY
KHADIJA UNIVERSITY MAJIA JIGAWA STATE,JIGAWA,PRIVATE UNIVERSITIES
MARANATHA UNIVERSITY IBEJU LEKKI LAGOS STATE,LAGOS,PRIVATE UNIVERSITIES
PAN ATLANTIC UNIVERSITY KM 52 LEKKI EPE EXPRESSWAY IBEJU LEKKI LAGOS STATE,LAGOS,PRIVATE UNIVERSITIES
TRINITY UNIVERSITY YABA LAGOS STATE,LAGOS,PRIVATE UNIVERSITIES
ANCHOR UNIVERSITY AYOBO LAGOS STATE,LAGOS,PRIVATE UNIVERSITIES
CALEB UNIVERSITY IMOTA LAGOS STATE,LAGOS,PRIVATE UNIVERSITIES
EKO UNIVERSITY OF MEDICINE AND HEALTH SCIENCE IJANIKIN LAGOS STATE,LAGOS,PRIVATE UNIVERSITIES
AUGUSTINE UNIVERSITY ILARA LAGOS LAGOS STATE,LAGOS,PRIVATE UNIVERSITIES
UNIVERSITY OF OFFA OFFA KWARA STATE,KWARA,PRIVATE UNIVERSITIES
LANDMARK UNIVERSITY OMU ARAN KWARA STATE,KWARA,PRIVATE UNIVERSITIES
MUHAMMAD KAMALUD DEEN UNIVERSITY ILORIN KWARA STATE,KWARA,PRIVATE UNIVERSITIES
SUMMIT UNIVERITY OFFA KWARA STATE,KWARA,PRIVATE UNIVERSITIES
AL HIKMAH UNIVERSITY ILORIN KWARA STATE,KWARA,PRIVATE UNIVERSITIES
THOMAS ADEWUMI UNIVERSITY OKO IRESE KWARA STATE,KWARA,PRIVATE UNIVERSITIES
OJAJA UNIVERSITY EYENKORIN ILORIN KWARA STATE,KWARA,PRIVATE UNIVERSITIES
AHMAN PATEGI UNIVERSITY PATIGI KWARA STATE,KWARA,PRIVATE UNIVERSITIES
HEZEKIAH UNIVERSITY UMUDI IMO STATE,IMO,PRIVATE UNIVERSITIES
KINGSLEY OZUMBA K.O MBADIWE UNIVERSITY OGBOKO IMO STATE,IMO,PRIVATE UNIVERSITIES
CLARETIAN UNIVERSITY NEKEDE IMO STATE,IMO,PRIVATE UNIVERSITIES
PAMO UNIVERSITY OF MEDICAL SCIENCE PORT HARCOURT RIVERS STATE,RIVERS,PRIVATE UNIVERSITIES
WIGWE UNIVERSITY ISIOKPO RIVERS STATE,RIVERS,PRIVATE UNIVERSITIES
MADONNA UNIVERSITY ELELE RIVERS STATE,RIVERS,PRIVATE UNIVERSITIES
JOSEPH AYO BABALOLA UNIVERSITY IKEJI ARAKEJI OSUN STATE,OSUN,PRIVATE UNIVERSITIES
ODUDUWA UNIVERSITY IPETUMODU OSUN STATE,OSUN,PRIVATE UNIVERSITIES
WESTLAND UNIVERSITY IWO OSUN STATE,OSUN,PRIVATE UNIVERSITIES
ADELEKE UNIVERSITY EDE OSUN STATE,OSUN,PRIVATE UNIVERSITIES
KINGS UNIVERSITY ODE OMU OSUN STATE,OSUN,PRIVATE UNIVERSITIES
BOWEN UNIVERSITY IWO OSUN STATE,OSUN,PRIVATE UNIVERSITIES
MERCY MEDICAL UNIVERSITY IWO OSUN STATE,OSUN,PRIVATE UNIVERSITIES
FOUNTAIN UNIVERSITY OSOGBO OSUN STATE,OSUN,PRIVATE UNIVERSITIES
REDEEMERS UNIVERSITY EDE OSUN STATE,OSUN,PRIVATE UNIVERSITIES
MEWAR UNIVERSITY NIGERIA MASAKA NASARAWA STATE,NASARAWA,PRIVATE UNIVERSITIES
AVE MARIA UNIVERSITY PIYANKO NASARAWA STATE,NASARAWA,PRIVATE UNIVERSITIES
PHOENIX UNIVERSITY AGWADA NASARAWA STATE,NASARAWA,PRIVATE UNIVERSITIES
BINGHAM UNIVERSITY KARU NASARAWA STATE,NASARAWA,PRIVATE UNIVERSITIES
HALLMARK UNIVERSITYIJEBU ITELEOGUN STATE,OGUN,PRIVATE UNIVERSITIES
SOUTHWESTERN UNIVERSITY OKUN OWA OGUN STATE,OGUN,PRIVATE UNIVERSITIES
MOUNTAIN TOP UNIVERSITY MAKOGI OBA OGUN STATE,OGUN,PRIVATE UNIVERSITIES
CRAWFORD UNIVERSITY IGBESA OGUN STATE,OGUN,PRIVATE UNIVERSITIES
CRESCENT UNIVERSITY ABEOKUTA OGUN STATE,OGUN,PRIVATE UNIVERSITIES
BABCOCK UNIVERSITY ILISHAN REMO OGUN STATE,OGUN,PRIVATE UNIVERSITIES
VISION UNIVERSITY ADO ODO IKOGBO TOWN OGUN STATE,OGUN,PRIVATE UNIVERSITIES
CHRISTOPHER UNIVERSITY MOWE OGUN STATE,OGUN,PRIVATE UNIVERSITIES
BELLS UNIVERSITY OF TECHNOLOGY OTA OGUN STATE,OGUN,PRIVATE UNIVERSITIES
ALETHEIA UNIVERSITY AGO IWOYE OGUN STATE,OGUN,PRIVATE UNIVERSITIES
CHRISLAND UNIVERSITY OWODE OGUN STATE,OGUN,PRIVATE UNIVERSITIES
McPHERSON UNIVERSITY SERIKI SOTAYO OGUN STATE,OGUN,PRIVATE UNIVERSITIES
COVENANT UNIVERSITY CANAANLAND OTA OGUN STATE,OGUN,PRIVATE UNIVERSITIES
GERAR UNIVERSITY OF MEDICAL SCIENCES IMOPE ODE OGUN STATE,OGUN,PRIVATE UNIVERSITIES
MADUKA UNIVERSITY EKWEGBE NSUKKA ENUGU STATE,ENUGU,PRIVATE UNIVERSITIES
COAL CITY UNIVERSITY ENUGU ENUGU STATE,ENUGU,PRIVATE UNIVERSITIES
RENAISSANCE UNIVERSITY OJIAGU AGBANI ENUGU ENUGU STATE,ENUGU,PRIVATE UNIVERSITIES
CARITAS UNIVERSITY AMORJI NIKE ENUGU ENUGU STATE,ENUGU,PRIVATE UNIVERSITIES
PEACELAND UNIVERSITY ENUGU ENUGU STATE,ENUGU,PRIVATE UNIVERSITIES
GODFREY OKOYE UNIVERSITY URGWUOMU NIKE ENUGU STATE,ENUGU,PRIVATE UNIVERSITIES
KHALIFA ISYAKU RABIU UNIVERSITY GADON KAYA CITY GATE KANO KANO STATE,KANO,PRIVATE UNIVERSITIES
SKYLINE UNIVERSITY NIGERIA KANO KANO STATE,KANO,PRIVATE UNIVERSITIES
AZMAN UNIVERSITY KANO KANO STATE,KANO,PRIVATE UNIVERSITIES
MARYAM ABACHA AMERICAN UNIVERSITY OF NIGERIA KANO KANO STATE,KANO,PRIVATE UNIVERSITIES
CAPITAL CITY UNIVERSITY WARAWA KANO KANO STATE,KANO,PRIVATE UNIVERSITIES
AL ISTIQAMA UNIVERSITY SUMAILA KANO STATE,KANO,PRIVATE UNIVERSITIES
BABA AHMED UNIVERSITY KANO KANO STATE,KANO,PRIVATE UNIVERSITIES
NEWGATE UNIVERSITY MINNA NIGER STATE,NIGER,PRIVATE UNIVERSITIES
EDUSOKO UNIVERSITY BIDA NIGER STATE,NIGER,PRIVATE UNIVERSITIES
EL AMIN UNIVERSITY MINNA NIGER STATE,NIGER,PRIVATE UNIVERSITIES
SALEM UNIVERSITY LOKOJA KOGI STATE,KOGI,PRIVATE UNIVERSITIES
NORTHWEST UNIVERSITY SOKOTO SOKOTO STATE,SOKOTO,PRIVATE UNIVERSITIES
SAISA UNIVERSITY OF MEDICAL SCIENCE AND TECHNOLOGY SOKOTO SOKOTO STATE,SOKOTO,PRIVATE UNIVERSITIES
DAGAMA'S COLLEGE OF HEALTH SCIENCE AND TECH. SABON GARI ZARIA KADUNA STATE,KADUNA,PRIVATE UNIVERSITIES
GREENFIELD UNIVERSITY KASARAMI KADUNA STATE,KADUNA,PRIVATE UNIVERSITIES
FRANCO BRITISH INTERNATIONAL UNIVERSITY KADUNA KADUNA STATE,KADUNA,PRIVATE UNIVERSITIES
NOK UNIVERSITY KACHIA KADUNA STATE,KADUNA,PRIVATE UNIVERSITIES
AMERICAN UNIVERSITY OF NIGERIA YOLA ADAMAWA STATE,ADAMAWA,PRIVATE UNIVERSITIES
MICHAEL AND CECILIA IBRU UNIVERSITY OWHRODE DELTA STATE,DELTA,PRIVATE UNIVERSITIES
SPORTS UNIVERSITY IDUMUJE UGBOKO DELTA STATE,DELTA,PRIVATE UNIVERSITIES
NOVENA UNIVERSITY OGUME DELTA STATE,DELTA,PRIVATE UNIVERSITIES
MARGARET LAWRENCE UNIVERSITY GALILEE DELTA STATE,DELTA,PRIVATE UNIVERSITIES
WESTERN DELTA UNIVERSITY OGHARA DELTA STATE,DELTA,PRIVATE UNIVERSITIES
EDWIN CLARK UNIVERSITY KIAGBODO DELTA STATE,DELTA,PRIVATE UNIVERSITIES
ADMIRALTY UNIVERSITY OF NIGERIA IBUSA DELTA STATE,DELTA,PRIVATE UNIVERSITIES
NBU,UNKNOWN,PRIVATE UNIVERSITIES
NIGERIAN UNIVERSITY OF TECHNOLOGY AND MANAGEMENT VICTORIA ISLAND LAGOS,LAGOS,PRIVATE UNIVERSITIES
VENITE UNIVERSITY IKORO EKITI EKITI STATE,EKITI,PRIVATE UNIVERSITIES
HILLSIDE UNIVERSITY OF SCIENCE AND TECHNOLOGY OKEMESI EKITI EKITI STATE,EKITI,PRIVATE UNIVERSITIES
AFE BABALOLA UNIVERSITY ADO EKITI EKITI STATE,EKITI,PRIVATE UNIVERSITIES
SPIRITAN UNIVERSITY NNEOCHI ABIA STATE,ABIA,PRIVATE UNIVERSITIES
GREGORY UNIVERSITY UTURU ABIA STATE,ABIA,PRIVATE UNIVERSITIES
RHEMA UNIVERSITY ABA ABIA STATE,ABIA,PRIVATE UNIVERSITIES
NIGERIAN BRITISH UNIVERSITY ASA ABIA STATE,ABIA,PRIVATE UNIVERSITIES
LUX MUNDI UNIVERSITY IBEKU UMUAHIA ABIA STATE,ABIA,PRIVATE UNIVERSITIES
CLIFFORD UNIVERSITY OWERRINTTA ABIA STATE,ABIA,PRIVATE UNIVERSITIES
KARL KUMM UNIVERSITY VOM PLATEAU STATE,PLATEAU,PRIVATE UNIVERSITIES
PHILOMATH UNIVERSITY KUJE ABUJA FCT,"FCT, ABUJA",PRIVATE UNIVERSITIES
NILE UNIVERSITY OF NIGERIA ABUJA FCT,"FCT, ABUJA",PRIVATE UNIVERSITIES
AFRICAN UNIVERSITY OF SCIENCE AND TECHNOLOGY GARKI FCT ABUJA,"FCT, ABUJA",PRIVATE UNIVERSITIES
BAZE UNIVERSITY ABUJA FCT,"FCT, ABUJA",PRIVATE UNIVERSITIES
COSMOPOLITAN UNIVERSITY FCT ABUJA,"FCT, ABUJA",PRIVATE UNIVERSITIES
CANADIAN UNIVERSITY OF NIGERIA ABUJA,"FCT, ABUJA",PRIVATE UNIVERSITIES
EUROPEAN UNIVERSITY OF NIGERIA DUBOYI ABUJA FCT,"FCT, ABUJA",PRIVATE UNIVERSITIES
VERITAS UNIVERSITY BWARI ABUJA FCT,"FCT, ABUJA",PRIVATE UNIVERSITIES
PRIME UNIVERSITY KUJE ABUJA,"FCT, ABUJA",PRIVATE UNIVERSITIES
IGBINEDION UNIVERSITY OKADA BENIN CITY EDO STATE,EDO,PRIVATE UNIVERSITIES
MUDIAME UNIVERSITY IRRUA EDO STATE,EDO,PRIVATE UNIVERSITIES
SAMUEL ADEGBOYEGA UNIVERSITY OGWA EDO STATE,EDO,PRIVATE UNIVERSITIES
WELLSPRING UNIVERSITY IRHIHI OGBANEKI BENIN CITY EDO STATE,EDO,PRIVATE UNIVERSITIES
BENSON IDAHOSA UNIVERSITY BENIN CITY EDO STATE,EDO,PRIVATE UNIVERSITIES
TANSIAN UNIVERSITY OBA ANAMBRA STATE,ANAMBRA,PRIVATE UNIVERSITIES
UNIVERSITY ON THE NIGER UMUNYA ANAMBRA STATE,ANAMBRA,PRIVATE UNIVERSITIES
PETER UNIVERSITY ACHINA ONNEH ANAMBRA STATE,ANAMBRA,PRIVATE UNIVERSITIES
PAUL UNIVERSITY AWKA ANAMBRA STATE,ANAMBRA,PRIVATE UNIVERSITIES
LEGACY UNIVERSITY OKIJA ANAMBRA STATE,ANAMBRA,PRIVATE UNIVERSITIES
DOMINICAN UNIVERSITY IBADAN OYO STATE,OYO,PRIVATE UNIVERSITIES
KOLADAISI UNIVERSITY IBADAN OYO STATE,OYO,PRIVATE UNIVERSITIES
DOMINION UNIVERSITY IBADAN OYO STATE,OYO,PRIVATE UNIVERSITIES
ATIBA UNIVERSITY OYO OYO STATE,OYO,PRIVATE UNIVERSITIES
PRECIOUS CORNERSTONE UNIVERSITY IBADAN OYO STATE,OYO,PRIVATE UNIVERSITIES
LEAD CITY UNIVERSITY IBADAN OYO STATE,OYO,PRIVATE UNIVERSITIES
AJAYI CROWTHER UNIVERSITY OYO OYO STATE,OYO,PRIVATE UNIVERSITIES
UNIVERSITY OF MKAR GBOKO BENUE STATE,BENUE,PRIVATE UNIVERSITIES
ELIZADE UNIVERSITY ILARA MOKIN ONDO STATE,ONDO,PRIVATE UNIVERSITIES
SAM MARIS UNIVERSITY SUPARE AKOKO ONDO STATE,ONDO,PRIVATE UNIVERSITIES
WESLEY UNIVERSITY ONDO ONDO STATE,ONDO,PRIVATE UNIVERSITIES
ACHIEVERS UNIVERSITY OWO ONDO STATE,ONDO,PRIVATE UNIVERSITIES
HAVILLA UNIVERSITY NDE IKOM CROSS RIVER STATE,CROSS RIVER,PRIVATE UNIVERSITIES
BRITISH CANADIAN UNIVERSITY KAKUM OBUDU CROSS RIVER STATE,CROSS RIVER,PRIVATE UNIVERSITIES
ARTHUR JARVIS UNIVERSITY AKPABUYO CROSS RIVER STATE,CROSS RIVER,PRIVATE UNIVERSITIES
HENSARD UNIVERSITY TORU ORUA BAYELSA STATE,BAYELSA,PRIVATE UNIVERSITIES
TOPFAITH UNIVERSITY MKPATAK AKWA IBOM STATE,AKWA IBOM,PRIVATE UNIVERSITIES
OBONG UNIVERSITY OBONG NTAK AKWA IBOM STATE,AKWA IBOM,PRIVATE UNIVERSITIES
RITMAN UNIVERSITY IKOT EKPENE AKWA IBOM STATE,AKWA IBOM,PRIVATE UNIVERSITIES
JEWEL UNIVERSITY GOMBE GOMBE STATE,GOMBE,PRIVATE UNIVERSITIES
PEN RESOURCE UNIVERSITY GOMBE GOMBE STATE,GOMBE,PRIVATE UNIVERSITIES
HUDA UNIVERSITY GUSAU ZAMFARA STATE,ZAMFARA,PRIVATE UNIVERSITIES
AL ANSAR UNIVERSITY MAIDUGURI BORNO STATE,BORNO,PRIVATE UNIVERSITIES
KWARARAFA UNIVERSITY WUKARI TARABA STATE,TARABA,PRIVATE UNIVERSITIES
EVANGEL UNIVERSITY AKAEZE EBONYI STATE,EBONYI,PRIVATE UNIVERSITIES
AL QALAM UNIVERSITY KATSINA KATSINA STATE,KATSINA,PRIVATE UNIVERSITIES
